id,contact_type,contact_sub_type,sort_name,display_name,nick_name,legal_name,image_URL,preferred_language,preferred_mail_format,hash,source,first_name,middle_name,last_name,prefix_id,suffix_id,email_greeting_id,email_greeting_display,postal_greeting_id,postal_greeting_display,addressee_display,gender_id,birth_date,organization_name,is_deleted,external_identifier
1,Organization,,Second Chance Community School (SCCS),Second Chance Community School (SCCS),Second Chance Community School (SCCS),Second Chance Community School (SCCS),,,Both,,,,,,,,,,,,,,,Second Chance Community School (SCCS),0,
235,Individual,,"Agodi, Peter",Mr. Peter Agodi,,,235_2abab863cb821885805697348c4527e6.png,en_US,Both,7c45cf9b0882dfd1e69a93a42e6e51bd,CiviHR Sample Data,Peter,,Agodi,Mr.,,1,Dear Ellissa,1,Dear Ellissa,Ms. Ellissa Agodi,Male,1957-10-02,,0,1001
236,Organization,Health_Insurance_Provider,Aviva Health Insurance,Aviva Health Insurance,,,,en_US,Both,a861ace711ba864cb24785393a13781a,CiviHR Sample Data,,,,,,,,,,Aviva Health Insurance,,,Aviva Health Insurance,0,
237,Organization,Life_Insurance_Provider,Aviva Life Insurance,Aviva Life Insurance,,,,en_US,Both,f6eccfeb7a17aadddd4b46d5ebaa3809,CiviHR Sample Data,,,,,,,,,,Aviva Life Insurance,,,Aviva Life Insurance,0,
238,Organization,,Education Promotion Trust,Education Promotion Trust,,,,en_US,Both,9363430de5c3107f8ac9564059eaaa28,CiviHR Sample Data,,,,,,,,,,Education Promotion Trust,,,Education Promotion Trust,0,
239,Individual,,"Carnegie, John",Mr. John Carnegie,,,239_cfd70cbaedc5f0b7826d733ef66fd89e.png,en_US,Both,e5d64664449ce2dcb4acd4de79510e98,CiviHR Sample Data,John,,Carnegie,Mr.,,1,Dear John,1,Dear John,Mr. John Carnegie,Male,1959-06-28,,0,1002
240,Individual,,"Buttivant, Phoebe",Mrs. Phoebe Buttivant,,,2016_08_31_14h40_56_b200201b47278b75de1c049b2198c26f.png,en_US,Both,af0b4c4d61b4f6066b260d84cdf9f2b2,CiviHR Sample Data,Phoebe,,Buttivant,Mrs.,,1,Dear Phoebe,1,Dear Phoebe,Mrs. Phoebe Buttivant,Female,1987-12-06,,0,1003
241,Individual,,"Campell, Demi",Mrs. Demi Campell,,,241_db51c21911672be8260dfb0b3217e9a6.png,en_US,Both,5bb93d63167bbd79a8ebb94652d26eb7,CiviHR Sample Data,Demi,,Campell,Mrs.,,1,Dear Demi,1,Dear Demi,Mrs. Demi Campell,Female,1994-06-05,,0,1004
242,Individual,,"Ahmet, Terry",Mr. Terry Ahmet,,,242_e831355aa5e6184f338b44dea52a620d.png,en_US,Both,35a3597cb2d292c48ce9a8065033e110,CiviHR Sample Data,Terry,,Ahmet,Mr.,,1,Dear Terry,1,Dear Terry,Mr. Terry Ahmet,Male,1985-11-08,,0,1005
243,Individual,,"Begbie, Lucy",Ms. Lucy Begbie,,,243_5decfc56c90fa8f095a643efae725d14.png,en_US,Both,45ce10f6749f26e1e6f63bfa6c68b9e2,CiviHR Sample Data,Lucy,,Begbie,Ms.,,1,Dear Lucy,1,Dear Lucy,Ms. Lucy Begbie,Female,1987-04-08,,0,1006
244,Individual,,"Parker, Ellie",Ms. Ellie Parker,,,244_915a24271f215bd771d6fc9b6c1e3264.png,en_US,Both,cc5195c7af1943fcbb2edd1e722090b4,CiviHR Sample Data,Ellie,,Parker,Ms.,,1,Dear Ellie,1,Dear Ellie,Ms. Ellie Parker,Female,1986-06-02,,0,1007
245,Individual,,"Kouppas, Jack",Mr. Jack Kouppas,,,245_b015c9d730fc4644c3103869ffbe54ab.png,en_US,Both,4048643c051dac77d7fcdcf3fd9dfe40,CiviHR Sample Data,Jack,,Kouppas,Mr.,,1,Dear Jack,1,Dear Jack,Mr. Jack Kouppas,Male,1971-09-18,,0,1008
246,Individual,,"Ragulan, Deepika",Ms. Deepika Ragulan,,,246_192ae3a1129c08f2cab4e8a2ed1fc132.png,en_US,Both,6647004d2f1e12cd9ec821caa12d3ccb,CiviHR Sample Data,Deepika,,Ragulan,Ms.,,1,Dear Deepika,1,Dear Deepika,Ms. Deepika Ragulan,Female,1973-12-12,,0,1009
247,Individual,,"Honeyman, Tom",Mr. Tom Honeyman,,,247_da067a3cca0847417b0cfcabaa5abf2a.png,en_US,Both,e41d578ae9b2a5398054bd48bf187511,CiviHR Sample Data,Tom,,Honeyman,Mr.,,1,Dear Tom,1,Dear Tom,Mr. Tom Honeyman,Male,1989-06-18,,0,1010
248,Individual,,"Lewis, Chloe",Ms. Chloe Lewis,,,248_929d8c3c4cc8ec65f51bc0dcf7015b21.png,en_US,Both,5bdca4412c6ff3112ed0396f2529e42e,CiviHR Sample Data,Chloe,,Lewis,Ms.,,1,Dear Chloe,1,Dear Chloe,Ms. Chloe Lewis,Female,1984-02-28,,0,1011
249,Individual,,"Jacobs, Nadine",Ms. Nadine Jacobs,,,249_e08d68d79a4735ce54991e640a48f07f.png,en_US,Both,95c8ea714026c862259aa3ce9070f265,CiviHR Sample Data,Nadine,,Jacobs,Ms.,,1,Dear Nadine,1,Dear Nadine,Ms. Nadine Jacobs,Female,1980-12-16,,0,1012
250,Individual,,"Evans, Mike",Mr. Mike Evans,,,250_e01bedc5216227b36d1aeeaef303379c.png,en_US,Both,17f6e227e504ef29a0ab148431ddf732,CiviHR Sample Data,Mike,,Evans,Mr.,,1,Dear Mike,1,Dear Mike,Mr. Mike Evans,Male,1988-03-15,,0,1013
251,Individual,,"Dalton, James",Mr. James Dalton,,,251_76afae1856fe54535ce14440059d3939.png,en_US,Both,cc78b3ea624cb2d56cfd9b19bff4be33,CiviHR Sample Data,James,,Dalton,Mr.,,1,Dear James,1,Dear James,Mr. James Dalton,Male,1965-09-28,,0,1014
252,Individual,,"Smith, Freya",Ms. Freya Smith,,,252_83b5382464ace5b34c3fc69adb52a3f9.png,en_US,Both,faa8d1eb0af6d035dae7ac5f5aa8809e,CiviHR Sample Data,Freya,,Smith,Ms.,,1,Dear Freya,1,Dear Freya,Ms. Freya Smith,Female,1985-04-12,,0,1015
253,Individual,,"Hunt, Sydney",Ms. Sydney Hunt,,,253_80a436dc966d27f08d4f90a94fe088ce.png,en_US,Both,ae17eb5e28f62bf41079c98faac6d465,CiviHR Sample Data,Sydney,,Hunt,Ms.,,1,Dear Sydney,1,Dear Sydney,Ms. Sydney Hunt,Female,1976-05-13,,0,1016
254,Individual,,"Avins, Chris",Mr. Chris Avins,,,254_930f6a216d7bffc6aacab10e6a010a55.png,en_US,Both,4c32c54b375c6cfa44dda97cec6c4f50,CiviHR Sample Data,Chris,,Avins,Mr.,,1,Dear Chris,1,Dear Chris,Mr. Chris Avins,Male,1989-11-02,,0,1017
255,Individual,,"Bylette, Lucie",Ms. Lucie Bylette,,,255_351841c31619d983b5f1bbee4bd786b4.png,en_US,Both,85c479acbc4096f3503f385b0d41d2b4,CiviHR Sample Data,Lucie,,Bylette,Ms.,,1,Dear Lucie,1,Dear Lucie,Ms. Lucie Bylette,Female,1983-01-15,,0,1018
256,Individual,,"Best, Keith",Mr. Keith Best,,,256_f78998d749f98aa246cb6b31206e4e19.png,en_US,Both,0f6fec711777b2105e0a32b9efa59db2,CiviHR Sample Data,Keith,,Best,Mr.,,1,Dear Keith,1,Dear Keith,Mr. Keith Best,Male,1973-01-05,,0,1019
257,Individual,,"Walters, Annabelle",Miss Annabelle Walters,,,257_6ab0c6b0cec0088180088dbeac6bc96b.png,en_US,Both,06f1377edb64da5405a2b79f22145f2f,CiviHR Sample Data,Annabelle,,Walters,Miss.,,1,Dear Annabelle,1,Dear Annabelle,Miss Annabelle Walters,Female,1978-09-02,,0,1020
258,Individual,,"Waking, James",Mr. James Waking,,,258_e0c11aadc42dc73fc8d9b30d872a70dc.png,en_US,Both,d4fbc8e9f2dbeddd38c51a7c10f58866,CiviHR Sample Data,James,,Waking,Mr.,,1,Dear James,1,Dear James,Mr. James Waking,Male,1985-09-16,,0,1021
259,Individual,,"Rose, Matthew",Mr. Matthew Rose,,,259_213e200e46657c86be607d35c081628a.png,en_US,Both,b7aa7c3db30252e62e1e390f3f2a23cc,CiviHR Sample Data,Matthew,,Rose,Mr.,,1,Dear Matthew,1,Dear Matthew,Mr. Matthew Rose,Male,1988-06-02,,0,1022
260,Individual,,"King, Louisa",Miss Louisa King,,,260_e88e58cfe860054870ac35d6445e430c.png,en_US,Both,c0091d00e54e2f7da3648620d2829b98,CiviHR Sample Data,Louisa,,King,Miss.,,1,Dear Louisa,1,Dear Louisa,Miss Louisa King,Female,1974-05-19,,0,1023
261,Individual,,"Willis, Francesca",Miss Francesca Willis,,,261_ffa48183b4f889785e1e3e3923de0cc6.png,en_US,Both,c67547cf7afcb10dede7032bc89d5435,CiviHR Sample Data,Francesca,,Willis,Miss.,,1,Dear Francesca,1,Dear Francesca,Miss Francesca Willis,Female,1982-12-08,,0,1024
262,Individual,,"Potter, Jackie",Ms. Jackie Potter,,,262_eca6e634772846e962c1dd4b220de285.png,en_US,Both,3265081f07945076dd1ca6d2396e87af,CiviHR Sample Data,Jackie,,Potter,Ms.,,1,Dear Jackie,1,Dear Jackie,Ms. Jackie Potter,Female,1990-06-14,,0,1025
263,Individual,,"Harris, Bob",Mr. Bob Harris,,,263_50bf9e0862a833b35d6317c092e77a2b.png,en_US,Both,500d35aff520954eab3a84bf574b97c5,CiviHR Sample Data,Bob,,Harris,Mr.,,1,Dear Bob,1,Dear Bob,Mr. Bob Harris,Male,1966-11-02,,0,1026
264,Individual,,"Foster, Olivia",Miss Olivia Foster,,,264_5cd9dbd79a9feec2741cb392aefff5e6.png,en_US,Both,2fc0918d5611c5c0e65f1faf0a2c0d42,CiviHR Sample Data,Olivia,,Foster,Miss.,,1,Dear Olivia,1,Dear Olivia,Miss Olivia Foster,Female,1989-09-19,,0,1027
265,Individual,,"Williams, Lewis",Mr. Lewis Williams,,,265_9f91562cd2751803551e8ab4e17cdb61.png,en_US,Both,47a77c6d8732faa920472b8f2934f0bd,CiviHR Sample Data,Lewis,,Williams,Mr.,,1,Dear Lewis,1,Dear Lewis,Mr. Lewis Williams,Male,1975-02-01,,0,1028
266,Individual,,"Tucker, Christine",Ms. Christine Tucker,,,266_94ee851bcf1f7875d5f4ceb3dc5bcb76.png,en_US,Both,e3d6e303ad0f40b708408af6287d0090,CiviHR Sample Data,Christine,,Tucker,Ms.,,1,Dear Christine,1,Dear Christine,Ms. Christine Tucker,Female,1991-05-30,,0,1029
267,Individual,,"Harrison, Megan",Ms. Megan Harrison,,,267_88d9948d312015b9f75a7ff6e7d4d19c.png,en_US,Both,b122ca3780b2d77c4ab73612f5d7b17c,CiviHR Sample Data,Megan,,Harrison,Ms.,,1,Dear Megan,1,Dear Megan,Ms. Megan Harrison,Female,1979-08-04,,0,1030
268,Individual,,"Brown, Elodie",Ms. Elodie Brown,,,268_5814ea4d7e39603f7c85bfff30bdd1ee.png,en_US,Both,b20e0aff5e72518f2f95ead3c6553fdf,CiviHR Sample Data,Elodie,,Brown,Ms.,,1,Dear Elodie,1,Dear Elodie,Ms. Elodie Brown,Female,1983-07-26,,0,1031
269,Individual,,"Bird, Tim",Mr. Tim Bird,,,269_b7c33f4cbcb23ce0f711daeef9eef1cc.png,en_US,Both,8c5bcb9f142c88461c89f31c8baa8fd4,CiviHR Sample Data,Tim,,Bird,Mr.,,1,Dear Tim,1,Dear Tim,Mr. Tim Bird,Male,1980-02-15,,0,1032
270,Individual,,"Lawson, Kirsty",Ms. Kirsty Lawson,,,270_1c7ab7e6ed0b0a06699b1e5036d0beaf.png,en_US,Both,25dbc0c5cbff4b63c063cd4ed0925481,CiviHR Sample Data,Kirsty,,Lawson,Ms.,,1,Dear Kirsty,1,Dear Kirsty,Ms. Kirsty Lawson,Female,1971-08-29,,0,1033
271,Individual,,"Jenkins, Aaron",Mr. Aaron Jenkins,,,271_125e1c35e31b9208b47fa9ca38025b48.png,en_US,Both,cadfab319602efe005281619a0c6346c,CiviHR Sample Data,Aaron,,Jenkins,Mr.,,1,Dear Aaron,1,Dear Aaron,Mr. Aaron Jenkins,Male,1962-03-15,,0,1034
272,Individual,,"Healy, Winnie",Mrs. Winnie Healy,,,272_73b1dc031ecfe6ea40e4b6466c8ed159.png,en_US,Both,a4c5ed7f53964b5b27b33242316139db,CiviHR Sample Data,Winnie,,Healy,Mrs.,,1,Dear Winnie,1,Dear Winnie,Mrs. Winnie Healy,Female,1974-12-22,,0,1035
273,Individual,,"Tanner, Alex",Mr. Alex Tanner,,,273_40c1409f291eb0f5bb355d4706852616.png,en_US,Both,85906451fb6d900dc5f7d2c7abb74219,CiviHR Sample Data,Alex,,Tanner,Mr.,,1,Dear Alex,1,Dear Alex,Mr. Alex Tanner,Male,1989-07-07,,0,1036
274,Individual,,"Gray, Victoria",Ms. Victoria Gray,,,274_dcb675c0857da2f31bbef30b683063ee.png,en_US,Both,220fa26414bdde765f1edaffafb1aade,CiviHR Sample Data,Victoria,,Gray,Ms.,,1,Dear Victoria,1,Dear Victoria,Ms. Victoria Gray,Female,1976-12-19,,0,1037
275,Individual,,"Payne, Alan",Mr. Alan Payne,,,275_e639160b79b0f3de7314b759eb637636.png,en_US,Both,4d25767912a54120f41d5e7667875d27,CiviHR Sample Data,Alan,,Payne,Mr.,,1,Dear Alan,1,Dear Alan,Mr. Alan Payne,Male,1992-07-18,,0,1038
276,Individual,,"Smith, Hazel",Mrs. Hazel Smith,,,276_2f100628fb183461dab17c82feef7a09.png,en_US,Both,a1b4c60822578e591d20f9e058cca843,CiviHR Sample Data,Hazel,,Smith,Mrs.,,1,Dear Hazel,1,Dear Hazel,Mrs. Hazel Smith,Female,1982-10-17,,0,1039
277,Individual,,"Reeve, Elena",Ms. Elena Reeve,,,277_dea1164bc1722fd75e9307c2bc410f21.png,en_US,Both,539ceff78a88ec9822bf159ba8311c9e,CiviHR Sample Data,Elena,,Reeve,Ms.,,1,Dear Elena,1,Dear Elena,Ms. Elena Reeve,Female,1980-12-07,,0,1040
278,Individual,,"Cole, Philippa",Ms. Philippa Cole,,,278_820a7b8e908ee9a972d46457cc1d76d6.png,en_US,Both,32590f661fea54912679a6a16cb19727,CiviHR Sample Data,Philippa,,Cole,Ms.,,1,Dear Philippa,1,Dear Philippa,Ms. Philippa Cole,Female,1988-11-18,,0,1041
279,Individual,,"Mills, Peter",Mr. Peter Mills,,,279_384aa8861ffd60e914dc0d189348431b.png,en_US,Both,f3bc880848bdaa5e0e355308e8bc529e,CiviHR Sample Data,Peter,,Mills,Mr.,,1,Dear Peter,1,Dear Peter,Mr. Peter Mills,Male,1977-06-24,,0,1042
280,Individual,,"Matthews, Casey",Mr. Casey Matthews,,,280_1fc2f4b5f2c1e219c3e1c7a94602effb.png,en_US,Both,19d7c9cdd40094f693d5779499d184de,CiviHR Sample Data,Casey,,Matthews,Mr.,,1,Dear Casey,1,Dear Casey,Mr. Casey Matthews,Male,1992-03-07,,0,1043
281,Individual,,"Dixon, Berry",Ms. Berry Dixon,,,281_ca6036ae47e61d22d4f806c2086986e0.png,en_US,Both,45d45c0e78db139851a5a0d2ad8204dc,CiviHR Sample Data,Berry,,Dixon,Ms.,,1,Dear Berry,1,Dear Berry,Ms. Berry Dixon,Female,1994-02-04,,0,1044
282,Individual,,"Walker, Kayleigh",Mrs. Kayleigh Walker,,,282_9659ef0907bb0213fab9c4a11657afbc.png,en_US,Both,6838909402b754cea61e5bade9d2bb82,CiviHR Sample Data,Kayleigh,,Walker,Mrs.,,1,Dear Kayleigh,1,Dear Kayleigh,Mrs. Kayleigh Walker,Female,1975-10-01,,0,1045
283,Individual,,"Peters, Martin",Mr. Martin Peters,,,283_9e845aca51195bbeb7e2b6b6aba0cd4b.png,en_US,Both,a7d3763e0777ab28c2bbbe66fff55b53,CiviHR Sample Data,Martin,,Peters,Mr.,,1,Dear Martin,1,Dear Martin,Mr. Martin Peters,Male,1991-10-09,,0,1046
284,Individual,,"Maxwell, Diane",Ms. Diane Maxwell,,,284_131bdda29e8c97ef5fb496391391cd0c.png,en_US,Both,4f283374123d7d6dfd503b61b55813a5,CiviHR Sample Data,Diane,,Maxwell,Ms.,,1,Dear Diane,1,Dear Diane,Ms. Diane Maxwell,Female,1979-09-22,,0,1047
285,Individual,,"Barnes, Sarah",Mrs. Sarah Barnes,,,285_593a4fb250d603c123da587e2e1b6a87.png,en_US,Both,7c992de069976805e18e9a26dcc12bcd,CiviHR Sample Data,Sarah,,Barnes,Mrs.,,1,Dear Sarah,1,Dear Sarah,Mrs. Sarah Barnes,Female,1970-05-21,,0,1048
286,Individual,,"Green, Paul",Mr. Paul Green,,,286_cb4fd14df753b94f1e6ee35f8be9db86.png,en_US,Both,d12159af6312776ba0d0abbbf132b060,CiviHR Sample Data,Paul,,Green,Mr.,,1,Dear Paul,1,Dear Paul,Mr. Paul Green,Male,1967-12-10,,0,1049
287,Individual,,"Cox, Andriana",Ms. Andriana Cox,,,287_531241a923cd39de482d291207b20177.png,en_US,Both,cfa1e34e93c1f4acb1bfc98bc6532068,CiviHR Sample Data,Andriana,,Cox,Ms.,,1,Dear Andriana,1,Dear Andriana,Ms. Andriana Cox,Female,1974-12-05,,0,1050
288,Individual,,"Hendle, Zoe",Mrs. Zoe Hendle,,,288_1aa0bc807b68d297b51c5527b8602975.png,en_US,Both,cfca31509d7cfa8f1a4547f5b95df4db,CiviHR Sample Data,Zoe,,Hendle,Mrs.,,1,Dear Zoe,1,Dear Zoe,Mrs. Zoe Hendle,Female,1985-08-20,,0,1051
289,Individual,,"Youdes, Izzy",Ms. Izzy Youdes,,,289_84c3ff434751bd1c6f275a11d75f95ab.png,en_US,Both,d771890d22927ea9665758f662d94560,CiviHR Sample Data,Izzy,,Youdes,Ms.,,1,Dear Izzy,1,Dear Izzy,Ms. Izzy Youdes,Female,1984-08-22,,0,1052
290,Individual,,"Pearcy, Ben",Mr. Ben Pearcy,,,290_93ae8aa9b0a23eeed553300ba9201694.png,en_US,Both,8a8ea63fd3bf869a554ef4a1b4a80990,CiviHR Sample Data,Ben,,Pearcy,Mr.,,1,Dear Ben,1,Dear Ben,Mr. Ben Pearcy,Male,1987-04-17,,0,1053
291,Individual,,"Caple, Simon",Mr. Simon Caple,,,291_cd9370f807394c18c48e90a59c09199c.png,en_US,Both,7df804fee565bcf2220a4bcf84d6538d,CiviHR Sample Data,Simon,,Caple,Mr.,,1,Dear Simon,1,Dear Simon,Mr. Simon Caple,Male,1989-09-07,,0,1054
292,Individual,,"Hill, Janice",Ms. Janice Hill,,,292_fd651017b38ccc299edd2f217f7bc5be.png,en_US,Both,3b35d36d805cd9f452ba40fd51ee5f53,CiviHR Sample Data,Janice,,Hill,Ms.,,1,Dear Janice,1,Dear Janice,Ms. Janice Hill,Female,1979-11-05,,0,1055
293,Individual,,"Finch, Brian",Mr. Brian Finch,,,293_e13537d37464ed9fe2c212fcb7a0791f.png,en_US,Both,1ff7eba927b284f15f12b8e3cf650e89,CiviHR Sample Data,Brian,,Finch,Mr.,,1,Dear Brian,1,Dear Brian,Mr. Brian Finch,Male,1972-09-27,,0,1056
294,Individual,,"Alexander, Helen",Ms. Helen Alexander,,,294_382c78d7fb38d6758fa9b23bfc3de75e.png,en_US,Both,356ccaa897aff998a4d0fde47dd8ab02,CiviHR Sample Data,Helen,,Alexander,Ms.,,1,Dear Helen,1,Dear Helen,Ms. Helen Alexander,Female,1987-02-14,,0,1057
295,Individual,,"Henry, Tracey",Ms. Tracey Henry,,,295_0f22ded018722289499c4b1e0b0b9e41.png,en_US,Both,d00eabdad467e74a7171c1a66c69eaf9,CiviHR Sample Data,Tracey,,Henry,Ms.,,1,Dear Tracey,1,Dear Tracey,Ms. Tracey Henry,Female,1991-09-05,,0,1058
296,Individual,,"Slight, Josh",Mr. Josh Slight,,,296_2c8656c5a9f4a06076dbf21d0b668a9f.png,en_US,Both,adce5d8b1b8d72f33f406a6a09e2c5b3,CiviHR Sample Data,Josh,,Slight,Mr.,,1,Dear Josh,1,Dear Josh,Mr. Josh Slight,Male,1980-12-09,,0,1059
297,Individual,,"Waters, Vivienne",Ms. Vivienne Waters,,,297_af649b73e1582d48158ce70967f76d93.png,en_US,Both,53c624b8378d51ef72ddefd24a1d9792,CiviHR Sample Data,Vivienne,,Waters,Ms.,,1,Dear Vivienne,1,Dear Vivienne,Ms. Vivienne Waters,Female,1986-07-05,,0,1060
298,Individual,,"Dean, Josie",Ms. Josie Dean,,,298_38951ed52a5fb771966d7979fd130544.png,en_US,Both,45a542aa8a9722511bec1674975e5a4b,CiviHR Sample Data,Josie,,Dean,Ms.,,1,Dear Josie,1,Dear Josie,Ms. Josie Dean,Female,1993-10-05,,0,1061
299,Individual,,"Marsh, Natasha",Miss Natasha Marsh,,,299_599e8760b292f753eb121ac7c4c4d746.png,en_US,Both,07a15c58f34beb91ec2783f7fd6a74c4,CiviHR Sample Data,Natasha,,Marsh,Miss.,,1,Dear Natasha,1,Dear Natasha,Miss Natasha Marsh,Female,1968-05-22,,0,1062
300,Individual,,"Rivers, Max",Mr. Max Rivers,,,300_56c738f7f9d4b364486bc2ad7b698e18.png,en_US,Both,dca9c939c6db2a42c11ed871e4bb7f6b,CiviHR Sample Data,Max,,Rivers,Mr.,,1,Dear Max,1,Dear Max,Mr. Max Rivers,Male,1993-03-28,,0,1063
301,Individual,,"Mallet, Aaron",Mr. Aaron Mallet,,,301_b70499c74d252b97f73362f425d785a9.png,en_US,Both,d525427fae3988d081631246ca8d9823,CiviHR Sample Data,Aaron,,Mallet,Mr.,,1,Dear Aaron,1,Dear Aaron,Mr. Aaron Mallet,Male,1970-11-18,,0,1064
302,Individual,,"Savva, Alexia",Miss Alexia Savva,,,302_fedb34bf7cdae57c2e5239f7464e27c5.png,en_US,Both,a4d3b37af3788eacf33be84d8aad5c9d,CiviHR Sample Data,Alexia,,Savva,Miss.,,1,Dear Alexia,1,Dear Alexia,Miss Alexia Savva,Female,1992-12-10,,0,1065
303,Individual,,"Greenway, Chloe",Miss Chloe Greenway,,,303_866005f3672db1f25297aee060a45ff7.png,en_US,Both,2b052991c5412017415dc312fa5090fd,CiviHR Sample Data,Chloe,,Greenway,Miss.,,1,Dear Chloe,1,Dear Chloe,Miss Chloe Greenway,Female,1983-12-08,,0,1066
304,Individual,,"Harris, Robbie",Mr. Robbie Harris,,,304_e508a23801f18559ede1d073e7576ad8.png,en_US,Both,75b6156c7e9bf7033a956074b1a6babb,CiviHR Sample Data,Robbie,,Harris,Mr.,,1,Dear Robbie,1,Dear Robbie,Mr. Robbie Harris,Male,1986-02-19,,0,1067
305,Individual,,"Knox, Shana",Miss Shana Knox,,,305_cd05ee1c52d6c4ecb6a60dd27c54ce7e.png,en_US,Both,cc05feaaefd58bed0ba094c6b084ae8e,CiviHR Sample Data,Shana,,Knox,Miss.,,1,Dear Shana,1,Dear Shana,Miss Shana Knox,Female,1990-08-12,,0,1068
306,Individual,,"Rightmyer, Jake",Mr. Jake Rightmyer,,,306_7398a9c3a4c206cb56f59285ed560f9d.png,en_US,Both,5c954d1d1f39e84fdd9205906335dace,CiviHR Sample Data,Jake,,Rightmyer,Mr.,,1,Dear Jake,1,Dear Jake,Mr. Jake Rightmyer,Male,1969-02-16,,0,1069
307,Individual,,"Fraiser, Amber",Ms. Amber Fraiser,,,307_471dee7adc34dbe77e39b6a74f2c1d61.png,en_US,Both,3f97b9740972aefe3f45b703da8e8339,CiviHR Sample Data,Amber,,Fraiser,Ms.,,1,Dear Amber,1,Dear Amber,Ms. Amber Fraiser,Female,1984-07-06,,0,1070
308,Individual,,"Morgan, Danny",Mr. Danny Morgan,,,308_dfc5453946cc99d3ffacbe7ca943de8a.png,en_US,Both,eb89adafc56887d054b68d2830272cf7,CiviHR Sample Data,Danny,,Morgan,Mr.,,1,Dear Danny,1,Dear Danny,Mr. Danny Morgan,Male,1982-08-05,,0,1071
309,Individual,,"Everingham, Lara",Miss Lara Everingham,,,309_42fd7da9185dcea6298f250cc4b23ffb.png,en_US,Both,39f1987de4380473903ecf79289462ae,CiviHR Sample Data,Lara,,Everingham,Miss.,,1,Dear Lara,1,Dear Lara,Miss Lara Everingham,Female,1987-05-18,,0,1072
310,Individual,,"Marsh, Sarah",Ms. Sarah Marsh,,,310_eae62bddd777587b97302f943c666dff.png,en_US,Both,65b4b75963141d80d163e82fe27350ea,CiviHR Sample Data,Sarah,,Marsh,Ms.,,1,Dear Sarah,1,Dear Sarah,Ms. Sarah Marsh,Female,1975-07-16,,0,1073
311,Individual,,"Lewis, Kieran",Mr. Kieran Lewis,,,311_e005184c0abb581095b441fa602f790d.png,en_US,Both,ffd2908d6e5351403a3f33ea5266619b,CiviHR Sample Data,Kieran,,Lewis,Mr.,,1,Dear Kieran,1,Dear Kieran,Mr. Kieran Lewis,Male,1983-01-12,,0,1074
312,Individual,,"Long, Evie",Ms. Evie Long,,,312_3b9692a9a28437e5e42a38e754ddaa5f.png,en_US,Both,7d642dc0fa938613b1834068a443c544,CiviHR Sample Data,Evie,,Long,Ms.,,1,Dear Evie,1,Dear Evie,Ms. Evie Long,Female,1992-05-04,,0,1075
313,Individual,,"Jansen, Lars",Mr. Lars Jansen,,,313_ba16ccf86ce1dd9de11d9a981bf1ef85.png,en_US,Both,01335202bbeedc619677f6767dcf0b87,CiviHR Sample Data,Lars,,Jansen,Mr.,,1,Dear Lars,1,Dear Lars,Mr. Lars Jansen,Male,1981-06-22,,0,1076
314,Individual,,"Eldridge, Phoebe",Ms. Phoebe Eldridge,,,314_59bf03cdb65252c66cb1a29ef856dd94.png,en_US,Both,a8ac1ceb222d03614aec6ebea57c8437,CiviHR Sample Data,Phoebe,,Eldridge,Ms.,,1,Dear Phoebe,1,Dear Phoebe,Ms. Phoebe Eldridge,Female,1986-03-14,,0,1077
315,Individual,,"Sheridan, Jamie",Mr. Jamie Sheridan,,,315_9df779277960b7f24681343ad2a6d8be.png,en_US,Both,fd90c30a2995f1a99804e3262d6441ab,CiviHR Sample Data,Jamie,,Sheridan,Mr.,,1,Dear Jamie,1,Dear Jamie,Mr. Jamie Sheridan,Male,1988-05-13,,0,1078
316,Individual,,"Lawton, Patricia",Ms. Patricia Lawton,,,316_59af5914cd6082e654c4e15354421aca.png,en_US,Both,c47d0455b87c0976c0f44669aa7345be,CiviHR Sample Data,Patricia,,Lawton,Ms.,,1,Dear Patricia,1,Dear Patricia,Ms. Patricia Lawton,Female,1984-02-26,,0,1079
317,Individual,,"Haden-Scott, Sophie",Ms. Sophie Haden-Scott,,,317_963940dab937ce00d4120953e53b1aa6.png,en_US,Both,8a94563a34a96a67b5c29ef22f5d69b6,CiviHR Sample Data,Sophie,,Haden-Scott,Ms.,,1,Dear Sophie,1,Dear Sophie,Ms. Sophie Haden-Scott,Female,1988-05-12,,0,1080
318,Individual,,"Cook, Mariella",Ms. Mariella Cook,,,318_3217af8fa3e745e5405e77585cefcc6a.png,en_US,Both,b35cc12c3f8d348f8cfbb7d9a09d12ea,CiviHR Sample Data,Mariella,,Cook,Ms.,,1,Dear Mariella,1,Dear Mariella,Ms. Mariella Cook,Female,1980-05-12,,0,1081
319,Individual,,"Sanders, Harry",Mr. Harry Sanders,,,319_df5e2287426817330ed2b7b432d7e758.png,en_US,Both,9740724b85348b816155de0fcda16b38,CiviHR Sample Data,Harry,,Sanders,Mr.,,1,Dear Harry,1,Dear Harry,Mr. Harry Sanders,Male,1987-12-06,,0,1082
320,Individual,,"Kelly, Luke",Mr. Luke Kelly,,,320_f228dbd2f41cccca7f683bad1caf4013.png,en_US,Both,1abc6065fcb86cdb6fd7aa5e951529f1,CiviHR Sample Data,Luke,,Kelly,Mr.,,1,Dear Luke,1,Dear Luke,Mr. Luke Kelly,Male,1990-03-02,,0,1083
321,Individual,,"Miller, Jasmine",Ms. Jasmine Miller,,,321_7b6a832af2f2da08a4fd6f94a4f7d3bd.png,en_US,Both,ad12a35866660816e85915c1cce0a890,CiviHR Sample Data,Jasmine,,Miller,Ms.,,1,Dear Jasmine,1,Dear Jasmine,Ms. Jasmine Miller,Female,1980-01-29,,0,1084
322,Individual,,"Garner, Selin",Ms. Selin Garner,,,322_7f064da18e3b44c1e19785f1e4d46a81.png,en_US,Both,1d7ae98b13a5ed357dbda9fdf5c32544,CiviHR Sample Data,Selin,,Garner,Ms.,,1,Dear Selin,1,Dear Selin,Ms. Selin Garner,Female,1987-08-31,,0,1085
323,Individual,,"Lloyd, Sarah-Jane",Mrs. Sarah-Jane Lloyd,,,323_4ab36767776eee0dfb851a1025bc73c3.png,en_US,Both,34e04b1aaca866868ebf5445fbfcff0a,CiviHR Sample Data,Sarah-Jane,,Lloyd,Mrs.,,1,Dear Sarah-Jane,1,Dear Sarah-Jane,Mrs. Sarah-Jane Lloyd,Female,1983-05-02,,0,1086
324,Individual,,"Henry, Adam",Mr. Adam Henry,,,324_7d65c385489e9a595782732272ff62eb.png,en_US,Both,c7352400ffa159bab6d587e34638e0d8,CiviHR Sample Data,Adam,,Henry,Mr.,,1,Dear Adam,1,Dear Adam,Mr. Adam Henry,Male,1978-09-14,,0,1087
325,Individual,,"White, Nathan",Mr. Nathan White,,,325_337b6b8fefce2b11e242bfc8f2a65318.png,en_US,Both,6e843bd7921d1b8280c37a6dc86b1a31,CiviHR Sample Data,Nathan,,White,Mr.,,1,Dear Nathan,1,Dear Nathan,Mr. Nathan White,Male,1993-09-06,,0,1088
326,Individual,,"Best, Amelia",Mrs. Amelia Best,,,326_fda43be9fd279a31967d3e61cbc80f80.png,en_US,Both,12f33a5326b21ed45e984da89e4625ba,CiviHR Sample Data,Amelia,,Best,Mrs.,,1,Dear Amelia,1,Dear Amelia,Mrs. Amelia Best,Female,1986-01-28,,0,1089
327,Individual,,"Dowman, Karen",Ms. Karen Dowman,,,327_23298a15edacfef39940fedc88004e56.png,en_US,Both,255ef04124493be73ae3e0523251b924,CiviHR Sample Data,Karen,,Dowman,Ms.,,1,Dear Karen,1,Dear Karen,Ms. Karen Dowman,Female,1985-03-31,,0,1090
328,Individual,,"Armitage, Joel",Mr. Joel Armitage,,,328_dca7ead732cc6a1a6a08a9509c9bdc02.png,en_US,Both,214d20570275e919c4ac8107629537d8,CiviHR Sample Data,Joel,,Armitage,Mr.,,1,Dear Joel,1,Dear Joel,Mr. Joel Armitage,Male,1989-08-17,,0,1091
329,Individual,,"Durand, Louis",Mr. Louis Durand,,,329_e2087d686946c2eb34fdd8a59ba93bca.png,en_US,Both,f7706289db82bea859858b5f8b615431,CiviHR Sample Data,Louis,,Durand,Mr.,,1,Dear Louis,1,Dear Louis,Mr. Louis Durand,Male,1994-05-23,,0,1092
330,Individual,,"Andersson, Elsa",Ms. Elsa Andersson,,,330_621a17b88b292647096944feefb31735.png,en_US,Both,b6ab8fe710e4aea3073c7f046c072741,CiviHR Sample Data,Elsa,,Andersson,Ms.,,1,Dear Elsa,1,Dear Elsa,Ms. Elsa Andersson,Female,1988-02-19,,0,1093
331,Individual,,"Hughes, Sharon",Ms. Sharon Hughes,,,331_f5fd779b32c7c3e7aa88d1d89eaf00b8.png,en_US,Both,e7238dd4c8704ce74db6c4c17a566194,CiviHR Sample Data,Sharon,,Hughes,Ms.,,1,Dear Sharon,1,Dear Sharon,Ms. Sharon Hughes,Female,1981-05-02,,0,1094
332,Individual,,"Dean, Ben",Mr. Ben Dean,,,332_80d90028607960c04118aaedb435773c.png,en_US,Both,03d82f28b9b2146c508c4a6fef5a9913,CiviHR Sample Data,Ben,,Dean,Mr.,,1,Dear Ben,1,Dear Ben,Mr. Ben Dean,Male,1985-10-12,,0,1095
333,Individual,,"Fry, Lauren",Mrs. Lauren Fry,,,333_f1cf195ffd858e25bb9d9053b268f780.png,en_US,Both,a6337c97512eca4d9f5a7f0b2c6a3df1,CiviHR Sample Data,Lauren,,Fry,Mrs.,,1,Dear Lauren,1,Dear Lauren,Mrs. Lauren Fry,Female,1982-09-05,,0,1096
334,Individual,,"Taylor, Jason",Mr. Jason Taylor,,,334_206849f940a49191b77c4d9f2ea02a19.png,en_US,Both,1165247b291193c057865716a37a9c5d,CiviHR Sample Data,Jason,,Taylor,Mr.,,1,Dear Jason,1,Dear Jason,Mr. Jason Taylor,Male,1985-10-15,,0,1097
335,Individual,,"Smith, Emily",Ms. Emily Smith,,,335_b776fb48cea1fbb698e91ffa4e2c0eca.png,en_US,Both,fcbe2dad02838943dc86dd1d737f412c,CiviHR Sample Data,Emily,,Smith,Ms.,,1,Dear Emily,1,Dear Emily,Ms. Emily Smith,Female,1989-04-27,,0,1098
336,Individual,,"Blackman, Harriet",Ms. Harriet Blackman,,,336_618e42b2b4759c8c4a2639a3e00ac0b0.png,en_US,Both,928d831d2a9cfeb82bfdf4eb643987a5,CiviHR Sample Data,Harriet,,Blackman,Ms.,,1,Dear Harriet,1,Dear Harriet,Ms. Harriet Blackman,Female,1984-12-07,,0,1099
337,Individual,,"Webb, Katherine",Ms. Katherine Webb,,,337_e835f837f6157cd14bf9d6ac5cc3e35c.png,en_US,Both,23e989fe27f01848ffc14201183ed317,CiviHR Sample Data,Katherine,,Webb,Ms.,,1,Dear Katherine,1,Dear Katherine,Ms. Katherine Webb,Female,1986-08-02,,0,1100
338,Individual,,"Wright, Jacob",Mr. Jacob Wright,,,338_7cd03383d856a254706fb4f393fdab87.png,en_US,Both,bed25796980b0c6b0f11674fc6fbd211,CiviHR Sample Data,Jacob,,Wright,Mr.,,1,Dear Jacob,1,Dear Jacob,Mr. Jacob Wright,Male,1990-07-15,,0,1101
339,Individual,,"Hepburn, Murdo",Mr. Murdo Hepburn,,,339_970b326cc49684ce7fe857145e56f3ed.png,en_US,Both,343e6d04faeea9fc13ffe6dd7d149937,CiviHR Sample Data,Murdo,,Hepburn,Mr.,,1,Dear Murdo,1,Dear Murdo,Mr. Murdo Hepburn,Male,1980-04-08,,0,1102
340,Individual,,"Ludlam, Alicia",Ms. Alicia Ludlam,,,340_f8089087006a7153d64b41e681e71860.png,en_US,Both,b7c04ad417acd6d5794a40d679e3c5df,CiviHR Sample Data,Alicia,,Ludlam,Ms.,,1,Dear Alicia,1,Dear Alicia,Ms. Alicia Ludlam,Female,1992-06-19,,0,1103
341,Individual,,"Abram, Adok",Mr. Adok Abram,,,341_7371b28806eb5f3e4980d2b315a320c9.png,en_US,Both,b30a8e18bd6058ab7f013d527a2abfb0,CiviHR Sample Data,Adok,,Abram,Mr.,,1,Dear Adok,1,Dear Adok,Mr. Adok Abram,Male,1980-06-14,,0,1104
342,Individual,,"Laiden, Robin",Mr. Robin Laiden,,,342_8b2259fe62b55234b8527fa030825339.png,en_US,Both,9045353fff1f04bdfe61ca8b8b514b76,CiviHR Sample Data,Robin,,Laiden,Mr.,,1,Dear Robin,1,Dear Robin,Mr. Robin Laiden,Male,1973-02-28,,0,1105
343,Organization,,Wodesworth Memorial Fund,Wodesworth Memorial Fund,,,,en_US,Both,60bc6fef4c9d77ae36a03bb2de55dd31,CiviHR Sample Data,,,,,,,,,,Wodesworth Memorial Fund,,,Wodesworth Memorial Fund,0,
344,Organization,,Royal Society for Social Welfare,Royal Society for Social Welfare,,,,en_US,Both,69ced0cf5ec4988e5fc175207ac83375,CiviHR Sample Data,,,,,,,,,,Royal Society for Social Welfare,,,Royal Society for Social Welfare,0,
345,Organization,,Sir Henry Patten Trust,Sir Henry Patten Trust,,,,en_US,Both,b2486b0bab40a5fc3a026e92bba9f25c,CiviHR Sample Data,,,,,,,,,,Sir Henry Patten Trust,,,Sir Henry Patten Trust,0,
346,Organization,Pension_Provider,Friends Life,Friends Life,,,,en_US,Both,,CiviHR Sample Data,,,,,,,,,,Friends Life,,,Friends Life,0,